t_ms,tx,ty,x,y,h_deg,vx,vy,w,posErr
34,0.300,0.300,0.0000,0.0000,-0.0,0.000,0.000,-0.350,0.4243
51,0.300,0.300,0.0003,-0.0002,-0.1,0.000,0.000,-0.350,0.4242
66,0.300,0.300,0.0005,-0.0004,-0.3,0.000,0.000,-0.350,0.4242
78,0.300,0.300,0.0004,-0.0006,-0.8,0.000,0.000,-0.350,0.4244
93,0.300,0.300,0.0006,-0.0008,-1.3,0.000,0.000,-0.350,0.4244
106,0.300,0.300,0.0006,-0.0006,-2.0,0.000,0.000,-0.350,0.4242
118,0.300,0.300,0.0011,-0.0007,-2.8,0.000,0.000,-0.350,0.4240
133,0.300,0.300,0.0011,-0.0009,-3.5,0.000,0.000,-0.350,0.4241
144,0.300,0.300,0.0009,-0.0003,-4.4,0.000,0.000,-0.350,0.4238
159,0.300,0.300,0.0017,-0.0009,-5.3,0.000,0.000,-0.350,0.4237
171,0.300,0.300,0.0015,-0.0006,-6.2,0.000,0.000,-0.350,0.4236
184,0.300,0.300,0.0020,-0.0001,-7.1,0.000,0.000,-0.350,0.4229
196,0.300,0.300,0.0018,0.0001,-7.9,0.000,0.000,-0.350,0.4229
209,0.300,0.300,0.0018,0.0002,-8.8,0.000,0.000,-0.350,0.4228
221,0.300,0.300,0.0018,0.0006,-9.7,0.000,0.000,-0.350,0.4226
232,0.300,0.300,0.0018,0.0009,-10.5,0.000,0.000,-0.350,0.4224
242,0.300,0.300,0.0022,0.0013,-11.3,0.000,0.000,-0.350,0.4218
254,0.300,0.300,0.0024,0.0014,-12.1,0.000,0.000,-0.350,0.4215
265,0.300,0.300,0.0025,0.0014,-13.0,0.000,0.000,-0.350,0.4215
277,0.300,0.300,0.0026,0.0016,-13.8,0.000,0.000,-0.350,0.4213
288,0.300,0.300,0.0026,0.0016,-14.7,0.000,0.000,-0.350,0.4213
299,0.300,0.300,0.0029,0.0021,-15.5,0.000,0.000,-0.350,0.4207
311,0.300,0.300,0.0034,0.0022,-16.4,0.000,0.000,-0.350,0.4203
323,0.300,0.300,0.0034,0.0022,-17.3,0.000,0.000,-0.350,0.4203
335,0.300,0.300,0.0033,0.0028,-18.1,0.000,0.000,-0.350,0.4199
346,0.300,0.300,0.0036,0.0030,-19.0,0.000,0.000,-0.350,0.4196
358,0.300,0.300,0.0038,0.0031,-19.9,0.000,0.000,-0.350,0.4194
369,0.300,0.300,0.0039,0.0033,-20.7,0.000,0.000,-0.350,0.4192
381,0.300,0.300,0.0041,0.0033,-21.6,0.000,0.000,-0.350,0.4190
392,0.300,0.300,0.0041,0.0037,-22.4,0.000,0.000,-0.350,0.4187
404,0.300,0.300,0.0043,0.0039,-23.2,0.000,0.000,-0.350,0.4185
416,0.300,0.300,0.0047,0.0039,-24.2,0.000,0.000,-0.350,0.4182
425,0.300,0.300,0.0049,0.0044,-25.0,0.000,0.000,-0.350,0.4177
437,0.300,0.300,0.0050,0.0043,-25.8,0.000,0.000,-0.350,0.4177
448,0.300,0.300,0.0052,0.0045,-26.7,0.000,0.000,-0.350,0.4174
461,0.300,0.300,0.0053,0.0048,-27.5,0.000,0.000,-0.350,0.4171
474,0.300,0.300,0.0053,0.0049,-28.5,0.000,0.000,-0.350,0.4170
485,0.300,0.300,0.0053,0.0056,-29.3,0.000,0.000,-0.350,0.4166
496,0.300,0.300,0.0056,0.0056,-30.2,0.000,0.000,-0.350,0.4163
507,0.300,0.300,0.0057,0.0059,-31.0,0.000,0.000,-0.350,0.4161
525,0.300,0.300,0.0058,0.0059,-31.8,0.000,0.000,-0.350,0.4160
544,0.300,0.300,0.0061,0.0063,-33.1,0.000,0.000,-0.350,0.4155
555,0.300,0.300,0.0065,0.0062,-34.6,0.000,0.000,-0.350,0.4153
568,0.300,0.300,0.0066,0.0066,-35.5,0.000,0.000,-0.350,0.4149
580,0.300,0.300,0.0067,0.0071,-36.4,0.000,0.000,-0.350,0.4145
592,0.300,0.300,0.0071,0.0068,-37.4,0.000,0.000,-0.350,0.4144
604,0.300,0.300,0.0072,0.0074,-38.2,0.000,0.000,-0.350,0.4139
616,0.300,0.300,0.0076,0.0072,-39.2,0.000,0.000,-0.350,0.4138
627,0.300,0.300,0.0080,0.0076,-40.0,0.000,0.000,-0.350,0.4132
639,0.300,0.300,0.0079,0.0078,-40.9,0.000,0.000,-0.350,0.4132
651,0.300,0.300,0.0082,0.0075,-41.8,0.000,0.000,-0.350,0.4132
662,0.300,0.300,0.0085,0.0082,-42.7,0.000,0.000,-0.350,0.4125
674,0.300,0.300,0.0087,0.0083,-43.5,0.000,0.000,-0.350,0.4123
688,0.300,0.300,0.0091,0.0080,-44.5,0.000,0.000,-0.350,0.4122
703,0.300,0.300,0.0090,0.0081,-45.6,0.000,0.000,-0.350,0.4122
715,0.300,0.300,0.0095,0.0083,-46.7,0.000,0.000,-0.350,0.4117
727,0.300,0.300,0.0095,0.0085,-47.6,0.000,0.000,-0.350,0.4115
739,0.300,0.300,0.0100,0.0082,-48.6,0.000,0.000,-0.350,0.4114
751,0.300,0.300,0.0101,0.0088,-49.4,0.000,0.000,-0.350,0.4109
763,0.300,0.300,0.0101,0.0088,-50.4,0.000,0.000,-0.350,0.4109
774,0.300,0.300,0.0106,0.0091,-51.2,0.000,0.000,-0.350,0.4103
786,0.300,0.300,0.0109,0.0094,-52.1,0.000,0.000,-0.350,0.4099
797,0.300,0.300,0.0115,0.0094,-52.9,0.000,0.000,-0.350,0.4095
811,0.300,0.300,0.0117,0.0096,-53.9,0.000,0.000,-0.350,0.4092
822,0.300,0.300,0.0117,0.0098,-54.8,0.000,0.000,-0.350,0.4090
834,0.300,0.300,0.0120,0.0101,-55.7,0.000,0.000,-0.350,0.4086
844,0.300,0.300,0.0122,0.0103,-56.5,0.000,0.000,-0.350,0.4083
857,0.300,0.300,0.0126,0.0100,-57.4,0.000,0.000,-0.350,0.4083
869,0.300,0.300,0.0126,0.0103,-58.3,0.000,0.000,-0.350,0.4081
880,0.300,0.300,0.0126,0.0109,-59.2,0.000,0.000,-0.350,0.4077
892,0.300,0.300,0.0129,0.0107,-60.1,0.000,0.000,-0.350,0.4076
904,0.300,0.300,0.0131,0.0111,-60.9,0.000,0.000,-0.350,0.4071
915,0.300,0.300,0.0135,0.0112,-61.8,0.000,0.000,-0.350,0.4068
927,0.300,0.300,0.0135,0.0114,-62.7,0.000,0.000,-0.350,0.4066
940,0.300,0.300,0.0135,0.0115,-63.6,0.000,0.000,-0.350,0.4066
952,0.300,0.300,0.0141,0.0117,-64.5,0.000,0.000,-0.350,0.4060
965,0.300,0.300,0.0145,0.0117,-65.6,0.000,0.000,-0.350,0.4058
978,0.300,0.300,0.0146,0.0113,-66.6,0.000,0.000,-0.350,0.4059
991,0.300,0.300,0.0145,0.0119,-67.5,0.000,0.000,-0.350,0.4056
1003,0.300,0.300,0.0148,0.0122,-68.4,0.000,0.000,-0.350,0.4052
1014,0.300,0.300,0.0153,0.0124,-69.2,0.000,0.000,-0.350,0.4047
1033,0.300,0.300,0.0152,0.0124,-70.2,0.000,0.000,-0.350,0.4048
1053,0.300,0.300,0.0154,0.0125,-71.6,0.000,0.000,-0.350,0.4045
1065,0.300,0.300,0.0158,0.0125,-73.0,0.000,0.000,-0.350,0.4043
1079,0.300,0.300,0.0160,0.0127,-74.1,0.000,0.000,-0.350,0.4040
1090,0.300,0.300,0.0159,0.0128,-74.9,0.000,0.000,-0.350,0.4040
1105,0.300,0.300,0.0154,0.0114,-76.0,0.000,0.000,-0.350,0.4053
1122,0.300,0.300,0.0161,0.0125,-77.1,0.000,0.000,-0.350,0.4040
1134,0.300,0.300,0.0165,0.0128,-78.2,0.000,0.000,-0.350,0.4035
1145,0.300,0.300,0.0167,0.0130,-79.0,0.000,0.000,-0.350,0.4033
1155,0.300,0.300,0.0169,0.0126,-79.9,0.000,0.000,-0.350,0.4035
1167,0.300,0.300,0.0170,0.0125,-80.7,0.000,0.000,-0.350,0.4034
1177,0.300,0.300,0.0172,0.0131,-81.5,0.000,0.000,-0.350,0.4029
1188,0.300,0.300,0.0172,0.0128,-82.3,0.000,0.000,-0.350,0.4031
1199,0.300,0.300,0.0173,0.0128,-83.2,0.000,0.000,-0.350,0.4030
1210,0.300,0.300,0.0175,0.0130,-83.9,0.000,0.000,-0.350,0.4027
1221,0.300,0.300,0.0176,0.0126,-84.9,0.000,0.000,-0.350,0.4029
1232,0.300,0.300,0.0173,0.0128,-85.7,0.000,0.000,-0.350,0.4030
1243,0.300,0.300,0.0177,0.0132,-86.4,0.000,0.000,-0.350,0.4024
1254,0.300,0.300,0.0181,0.0131,-87.2,0.000,0.000,-0.350,0.4022
1265,0.300,0.300,0.0181,0.0131,-88.1,0.000,0.000,-0.350,0.4022
1276,0.300,0.300,0.0184,0.0128,-88.9,0.000,0.000,-0.350,0.4022
1287,0.300,0.300,0.0185,0.0129,-89.8,0.000,0.000,-0.350,0.4021
1303,0.300,0.300,0.0183,0.0130,-90.6,0.000,0.000,0.350,0.4021
1315,0.300,0.300,0.0189,0.0128,-91.9,0.000,0.000,0.350,0.4019
1327,0.300,0.300,0.0191,0.0131,-92.7,0.000,0.000,0.350,0.4015
1339,0.300,0.300,0.0188,0.0125,-93.5,0.000,0.000,0.350,0.4021
1351,0.300,0.300,0.0191,0.0125,-94.0,0.000,0.000,0.350,0.4019
1362,0.300,0.300,0.0199,0.0130,-94.2,0.000,0.000,0.350,0.4010
1374,0.300,0.300,0.0206,0.0134,-94.1,0.000,0.000,0.350,0.4003
1386,0.300,0.300,0.0214,0.0136,-93.9,0.000,0.000,0.350,0.3996
1397,0.300,0.300,0.0219,0.0138,-93.6,0.000,0.000,0.350,0.3990
1409,0.300,0.300,0.0226,0.0140,-93.1,0.000,0.000,0.350,0.3985
1420,0.300,0.300,0.0231,0.0140,-92.6,0.000,0.000,0.350,0.3981
1430,0.300,0.300,0.0236,0.0145,-91.9,0.000,0.000,0.350,0.3973
1443,0.300,0.300,0.0236,0.0146,-91.3,0.000,0.000,0.350,0.3973
1457,0.300,0.300,0.0240,0.0150,-90.4,0.000,0.000,0.350,0.3968
1476,0.300,0.300,0.0237,0.0145,-89.6,0.000,0.000,-0.350,0.3973
1489,0.300,0.300,0.0241,0.0147,-88.3,0.000,0.000,-0.350,0.3969
1504,0.300,0.300,0.0244,0.0147,-87.4,0.000,0.000,-0.350,0.3967
1517,0.300,0.300,0.0247,0.0150,-86.8,0.000,0.000,-0.350,0.3963
1531,0.300,0.300,0.0250,0.0154,-86.4,0.000,0.000,-0.350,0.3958
1546,0.300,0.300,0.0242,0.0148,-86.6,0.000,0.000,-0.350,0.3967
1562,0.300,0.300,0.0234,0.0142,-87.1,0.000,0.000,-0.350,0.3978
1575,0.300,0.300,0.0229,0.0141,-87.8,0.000,0.000,-0.350,0.3982
1590,0.300,0.300,0.0227,0.0141,-88.7,0.000,0.000,-0.350,0.3983
1601,0.300,0.300,0.0225,0.0143,-89.3,0.000,0.000,-0.350,0.3983
1613,0.300,0.300,0.0227,0.0146,-89.9,0.000,0.000,-0.350,0.3979
1638,0.300,0.300,0.0228,0.0143,-90.8,0.000,0.000,0.350,0.3981
1649,0.300,0.300,0.0231,0.0147,-92.5,0.000,0.000,0.350,0.3976
1661,0.300,0.300,0.0226,0.0142,-93.3,0.000,0.000,0.350,0.3983
1672,0.300,0.300,0.0224,0.0144,-93.9,0.000,0.000,0.350,0.3982
1684,0.300,0.300,0.0219,0.0141,-94.4,0.000,0.000,0.350,0.3989
1695,0.300,0.300,0.0219,0.0140,-94.6,0.000,0.000,0.350,0.3989
1706,0.300,0.300,0.0225,0.0145,-94.5,0.000,0.000,0.350,0.3982
1721,0.300,0.300,0.0236,0.0152,-94.1,0.000,0.000,0.350,0.3969
1734,0.300,0.300,0.0245,0.0156,-93.5,0.000,0.000,0.350,0.3960
1745,0.300,0.300,0.0248,0.0156,-93.0,0.000,0.000,0.350,0.3958
1760,0.300,0.300,0.0253,0.0158,-92.3,0.000,0.000,0.350,0.3952
1772,0.300,0.300,0.0257,0.0161,-91.5,0.000,0.000,0.350,0.3947
1785,0.300,0.300,0.0257,0.0165,-90.7,0.000,0.000,0.350,0.3945
1804,0.300,0.300,0.0255,0.0161,-89.9,0.000,0.000,-0.350,0.3949
1817,0.300,0.300,0.0257,0.0162,-88.6,0.000,0.000,-0.350,0.3946
1829,0.300,0.300,0.0259,0.0163,-87.6,0.000,0.000,-0.350,0.3945
1844,0.300,0.300,0.0266,0.0167,-86.8,0.000,0.000,-0.350,0.3937
1856,0.300,0.300,0.0273,0.0177,-86.3,0.000,0.000,-0.350,0.3925
1869,0.300,0.300,0.0275,0.0180,-86.2,0.000,0.000,-0.350,0.3921
1883,0.300,0.300,0.0270,0.0174,-86.5,0.000,0.000,-0.350,0.3930
1897,0.300,0.300,0.0264,0.0169,-87.1,0.000,0.000,-0.350,0.3937
1909,0.300,0.300,0.0260,0.0166,-87.8,0.000,0.000,-0.350,0.3942
1922,0.300,0.300,0.0258,0.0169,-88.4,0.000,0.000,-0.350,0.3942
1934,0.300,0.300,0.0259,0.0173,-89.1,0.000,0.000,-0.350,0.3938
1947,0.300,0.300,0.0261,0.0173,-89.9,0.000,0.000,-0.350,0.3936
1963,0.300,0.300,0.0261,0.0173,-90.7,0.000,0.000,0.350,0.3936
1974,0.300,0.300,0.0264,0.0174,-91.8,0.000,0.000,0.350,0.3934
1985,0.300,0.300,0.0262,0.0173,-92.6,0.000,0.000,0.350,0.3936
1999,0.300,0.300,0.0257,0.0172,-93.4,0.000,0.000,0.350,0.3940
2013,0.300,0.300,0.0251,0.0169,-94.0,0.000,0.000,0.350,0.3946
2024,0.300,0.300,0.0250,0.0169,-94.2,0.000,0.000,0.350,0.3947
2037,0.300,0.300,0.0256,0.0174,-94.1,0.000,0.000,0.350,0.3939
2051,0.300,0.300,0.0266,0.0180,-93.7,0.000,0.000,0.350,0.3927
2065,0.300,0.300,0.0273,0.0184,-93.1,0.000,0.000,0.350,0.3920
2077,0.300,0.300,0.0277,0.0187,-92.4,0.000,0.000,0.350,0.3915
2089,0.300,0.300,0.0278,0.0187,-91.8,0.000,0.000,0.350,0.3914
2101,0.300,0.300,0.0280,0.0186,-91.1,0.000,0.000,0.350,0.3914
2111,0.300,0.300,0.0282,0.0190,-90.3,0.000,0.000,0.350,0.3909
2129,0.300,0.300,0.0281,0.0190,-89.7,0.000,0.000,-0.350,0.3910
2141,0.300,0.300,0.0281,0.0187,-88.5,0.000,0.000,-0.350,0.3912
2152,0.300,0.300,0.0283,0.0190,-87.6,0.000,0.000,-0.350,0.3909
2163,0.300,0.300,0.0285,0.0192,-87.0,0.000,0.000,-0.350,0.3906
2174,0.300,0.300,0.0292,0.0199,-86.5,0.000,0.000,-0.350,0.3896
2185,0.300,0.300,0.0297,0.0205,-86.2,0.000,0.000,-0.350,0.3888
2197,0.300,0.300,0.0292,0.0202,-86.3,0.000,0.000,-0.350,0.3894
2209,0.300,0.300,0.0288,0.0198,-86.6,0.000,0.000,-0.350,0.3899
2223,0.300,0.300,0.0279,0.0192,-87.2,0.000,0.000,-0.350,0.3910
2236,0.300,0.300,0.0279,0.0198,-87.8,0.000,0.000,-0.350,0.3905
2249,0.300,0.300,0.0279,0.0199,-88.5,0.000,0.000,-0.350,0.3905
2262,0.300,0.300,0.0279,0.0198,-89.3,0.000,0.000,-0.350,0.3906
2285,0.300,0.300,0.0277,0.0199,-90.1,0.000,0.000,0.350,0.3907
2296,0.300,0.300,0.0279,0.0199,-91.6,0.000,0.000,0.350,0.3905
2308,0.300,0.300,0.0278,0.0203,-92.4,0.000,0.000,0.350,0.3903
2318,0.300,0.300,0.0270,0.0199,-93.0,0.000,0.000,0.350,0.3911
2330,0.300,0.300,0.0263,0.0193,-93.5,0.000,0.000,0.350,0.3921
2341,0.300,0.300,0.0261,0.0192,-93.7,0.000,0.000,0.350,0.3923
2358,0.300,0.300,0.0273,0.0199,-93.4,0.000,0.000,0.350,0.3909
2370,0.300,0.300,0.0281,0.0204,-92.9,0.000,0.000,0.350,0.3901
2381,0.300,0.300,0.0287,0.0207,-92.4,0.000,0.000,0.350,0.3894
2395,0.300,0.300,0.0290,0.0210,-91.9,0.000,0.000,0.350,0.3890
2409,0.300,0.300,0.0294,0.0213,-91.1,0.000,0.000,0.350,0.3885
2422,0.300,0.300,0.0295,0.0212,-90.3,0.000,0.000,0.350,0.3884
2439,0.300,0.300,0.0297,0.0217,-89.4,0.000,0.000,-0.350,0.3880
2453,0.300,0.300,0.0298,0.0217,-88.2,0.000,0.000,-0.350,0.3879
2465,0.300,0.300,0.0300,0.0219,-87.3,0.000,0.000,-0.350,0.3876
2478,0.300,0.300,0.0304,0.0222,-86.6,0.000,0.000,-0.350,0.3871
2492,0.300,0.300,0.0313,0.0231,-86.1,0.000,0.000,-0.350,0.3858
2507,0.300,0.300,0.0314,0.0232,-86.0,0.000,0.000,-0.350,0.3857
2519,0.300,0.300,0.0308,0.0225,-86.4,0.000,0.000,-0.350,0.3866
2529,0.300,0.300,0.0305,0.0223,-86.8,0.000,0.000,-0.350,0.3870
2542,0.300,0.300,0.0304,0.0224,-87.3,0.000,0.000,-0.350,0.3869
2557,0.300,0.300,0.0301,0.0222,-88.1,0.000,0.000,-0.350,0.3874
2571,0.300,0.300,0.0302,0.0222,-89.0,0.000,0.000,-0.350,0.3873
2585,0.300,0.300,0.0301,0.0223,-89.8,0.000,0.000,-0.350,0.3873
2602,0.300,0.300,0.0304,0.0223,-90.7,0.000,0.000,0.350,0.3870
2616,0.300,0.300,0.0299,0.0218,-92.0,0.000,0.000,0.350,0.3877
2629,0.300,0.300,0.0302,0.0222,-92.9,0.000,0.000,0.350,0.3873
2642,0.300,0.300,0.0299,0.0218,-93.6,0.000,0.000,0.350,0.3877
2655,0.300,0.300,0.0293,0.0211,-94.2,0.000,0.000,0.350,0.3886
2666,0.300,0.300,0.0294,0.0209,-94.3,0.000,0.000,0.350,0.3887
2677,0.300,0.300,0.0304,0.0215,-94.1,0.000,0.000,0.350,0.3876
2688,0.300,0.300,0.0311,0.0219,-93.7,0.000,0.000,0.350,0.3869
2701,0.300,0.300,0.0315,0.0220,-93.3,0.000,0.000,0.350,0.3865
2714,0.300,0.300,0.0318,0.0221,-92.7,0.000,0.000,0.350,0.3862
2728,0.300,0.300,0.0324,0.0224,-91.9,0.000,0.000,0.350,0.3856
2745,0.300,0.300,0.0327,0.0231,-90.9,0.000,0.000,0.350,0.3849
2763,0.300,0.300,0.0330,0.0226,-89.9,0.000,0.000,-0.350,0.3850
2774,0.300,0.300,0.0331,0.0224,-88.8,0.000,0.000,-0.350,0.3851
2784,0.300,0.300,0.0330,0.0220,-88.1,0.000,0.000,-0.350,0.3855
2796,0.300,0.300,0.0335,0.0221,-87.5,0.000,0.000,-0.350,0.3850
2807,0.300,0.300,0.0342,0.0227,-86.9,0.000,0.000,-0.350,0.3842
2818,0.300,0.300,0.0349,0.0234,-86.5,0.000,0.000,-0.350,0.3831
2829,0.300,0.300,0.0351,0.0235,-86.4,0.000,0.000,-0.350,0.3829
2839,0.300,0.300,0.0348,0.0230,-86.7,0.000,0.000,-0.350,0.3835
2851,0.300,0.300,0.0345,0.0226,-87.0,0.000,0.000,-0.350,0.3840
2862,0.300,0.300,0.0343,0.0223,-87.6,0.000,0.000,-0.350,0.3843
2873,0.300,0.300,0.0340,0.0221,-88.1,0.000,0.000,-0.350,0.3847
2883,0.300,0.300,0.0340,0.0222,-88.7,0.000,0.000,-0.350,0.3846
2893,0.300,0.300,0.0341,0.0223,-89.3,0.000,0.000,-0.350,0.3845
2903,0.300,0.300,0.0342,0.0224,-89.9,0.000,0.000,-0.350,0.3844
2922,0.300,0.300,0.0342,0.0222,-90.5,0.000,0.000,0.350,0.3845
2933,0.300,0.300,0.0344,0.0222,-91.9,0.000,0.000,0.350,0.3844
2943,0.300,0.300,0.0346,0.0224,-92.6,0.000,0.000,0.350,0.3841
2954,0.300,0.300,0.0340,0.0217,-93.3,0.000,0.000,0.350,0.3849
2966,0.300,0.300,0.0339,0.0215,-93.8,0.000,0.000,0.350,0.3852
2978,0.300,0.300,0.0335,0.0209,-94.2,0.000,0.000,0.350,0.3859
2990,0.300,0.300,0.0338,0.0210,-94.2,0.000,0.000,0.350,0.3856
3001,0.300,0.300,0.0346,0.0214,-93.9,0.000,0.000,0.350,0.3847
3012,0.300,0.300,0.0353,0.0217,-93.5,0.000,0.000,0.350,0.3841
3025,0.300,0.300,0.0359,0.0219,-93.0,0.000,0.000,0.350,0.3836
3036,0.300,0.300,0.0362,0.0219,-92.4,0.000,0.000,0.350,0.3833
3049,0.300,0.300,0.0363,0.0220,-91.8,0.000,0.000,0.350,0.3832
3060,0.300,0.300,0.0364,0.0220,-91.0,0.000,0.000,0.350,0.3831
3075,0.300,0.300,0.0365,0.0219,-90.3,0.000,0.000,0.350,0.3831
3093,0.300,0.300,0.0367,0.0224,-89.3,0.000,0.000,-0.350,0.3826
3104,0.300,0.300,0.0369,0.0221,-88.1,0.000,0.000,-0.350,0.3827
3115,0.300,0.300,0.0367,0.0221,-87.3,0.000,0.000,-0.350,0.3828
3127,0.300,0.300,0.0371,0.0225,-86.6,0.000,0.000,-0.350,0.3823
3139,0.300,0.300,0.0378,0.0232,-86.0,0.000,0.000,-0.350,0.3813
3150,0.300,0.300,0.0384,0.0239,-85.6,0.000,0.000,-0.350,0.3803
3163,0.300,0.300,0.0385,0.0240,-85.6,0.000,0.000,-0.350,0.3802
3176,0.300,0.300,0.0379,0.0234,-86.0,0.000,0.000,-0.350,0.3810
3189,0.300,0.300,0.0376,0.0235,-86.4,0.000,0.000,-0.350,0.3812
3201,0.300,0.300,0.0374,0.0236,-87.0,0.000,0.000,-0.350,0.3813
3212,0.300,0.300,0.0372,0.0236,-87.7,0.000,0.000,-0.350,0.3814
3223,0.300,0.300,0.0372,0.0236,-88.4,0.000,0.000,-0.350,0.3814
3235,0.300,0.300,0.0371,0.0237,-89.1,0.000,0.000,-0.350,0.3814
3247,0.300,0.300,0.0372,0.0237,-89.9,0.000,0.000,-0.350,0.3813
3264,0.300,0.300,0.0373,0.0238,-90.6,0.000,0.000,0.350,0.3812
3275,0.300,0.300,0.0378,0.0242,-91.8,0.000,0.000,0.350,0.3806
3287,0.300,0.300,0.0378,0.0242,-92.6,0.000,0.000,0.350,0.3805
3298,0.300,0.300,0.0374,0.0241,-93.3,0.000,0.000,0.350,0.3809
3309,0.300,0.300,0.0368,0.0237,-93.9,0.000,0.000,0.350,0.3816
3320,0.300,0.300,0.0364,0.0233,-94.3,0.000,0.000,0.350,0.3822
3332,0.300,0.300,0.0367,0.0234,-94.3,0.000,0.000,0.350,0.3819
3343,0.300,0.300,0.0376,0.0242,-94.0,0.000,0.000,0.350,0.3807
3356,0.300,0.300,0.0383,0.0245,-93.6,0.000,0.000,0.350,0.3800
3368,0.300,0.300,0.0390,0.0248,-93.1,0.000,0.000,0.350,0.3792
3380,0.300,0.300,0.0394,0.0249,-92.4,0.000,0.000,0.350,0.3790
3391,0.300,0.300,0.0396,0.0249,-91.8,0.000,0.000,0.350,0.3788
3402,0.300,0.300,0.0396,0.0249,-91.1,0.000,0.000,0.350,0.3788
3414,0.300,0.300,0.0396,0.0250,-90.4,0.000,0.000,0.350,0.3788
3435,0.300,0.300,0.0396,0.0250,-89.7,0.000,0.000,-0.350,0.3787
3447,0.300,0.300,0.0399,0.0256,-88.3,0.000,0.000,-0.350,0.3781
3459,0.300,0.300,0.0401,0.0254,-87.4,0.000,0.000,-0.350,0.3781
3471,0.300,0.300,0.0405,0.0257,-86.8,0.000,0.000,-0.350,0.3776
3482,0.300,0.300,0.0413,0.0266,-86.2,0.000,0.000,-0.350,0.3765
3496,0.300,0.300,0.0417,0.0273,-85.9,0.000,0.000,-0.350,0.3756
3507,0.300,0.300,0.0415,0.0272,-86.1,0.000,0.000,-0.350,0.3758
3518,0.300,0.300,0.0408,0.0267,-86.5,0.000,0.000,-0.350,0.3767
3530,0.300,0.300,0.0407,0.0266,-87.0,0.000,0.000,-0.350,0.3768
3542,0.300,0.300,0.0407,0.0266,-87.5,0.000,0.000,-0.350,0.3767
3555,0.300,0.300,0.0408,0.0268,-88.1,0.000,0.000,-0.350,0.3766
3569,0.300,0.300,0.0405,0.0268,-88.9,0.000,0.000,-0.350,0.3768
3583,0.300,0.300,0.0409,0.0268,-89.8,0.000,0.000,-0.350,0.3766
3599,0.300,0.300,0.0411,0.0270,-90.7,0.000,0.000,0.350,0.3762
3610,0.300,0.300,0.0414,0.0272,-91.8,0.000,0.000,0.350,0.3758
3622,0.300,0.300,0.0412,0.0270,-92.7,0.000,0.000,0.350,0.3762
3633,0.300,0.300,0.0408,0.0270,-93.4,0.000,0.000,0.350,0.3765
3645,0.300,0.300,0.0403,0.0264,-94.0,0.000,0.000,0.350,0.3772
3656,0.300,0.300,0.0400,0.0260,-94.3,0.000,0.000,0.350,0.3777
3668,0.300,0.300,0.0403,0.0262,-94.3,0.000,0.000,0.350,0.3774
3680,0.300,0.300,0.0414,0.0268,-94.0,0.000,0.000,0.350,0.3762
3693,0.300,0.300,0.0422,0.0273,-93.5,0.000,0.000,0.350,0.3752
3706,0.300,0.300,0.0427,0.0274,-93.0,0.000,0.000,0.350,0.3748
3719,0.300,0.300,0.0432,0.0279,-92.3,0.000,0.000,0.350,0.3741
3731,0.300,0.300,0.0435,0.0277,-91.6,0.000,0.000,0.350,0.3741
3746,0.300,0.300,0.0439,0.0281,-90.7,0.000,0.000,0.350,0.3736
3766,0.300,0.300,0.0436,0.0278,-89.8,0.000,0.000,-0.350,0.3740
3777,0.300,0.300,0.0437,0.0280,-88.5,0.000,0.000,-0.350,0.3737
3788,0.300,0.300,0.0438,0.0282,-87.7,0.000,0.000,-0.350,0.3735
3802,0.300,0.300,0.0442,0.0285,-87.0,0.000,0.000,-0.350,0.3730
3816,0.300,0.300,0.0451,0.0291,-86.4,0.000,0.000,-0.350,0.3720
3829,0.300,0.300,0.0458,0.0298,-86.1,0.000,0.000,-0.350,0.3710
3840,0.300,0.300,0.0454,0.0294,-86.3,0.000,0.000,-0.350,0.3715
3851,0.300,0.300,0.0448,0.0290,-86.7,0.000,0.000,-0.350,0.3722
3863,0.300,0.300,0.0447,0.0291,-87.1,0.000,0.000,-0.350,0.3723
3876,0.300,0.300,0.0444,0.0292,-87.7,0.000,0.000,-0.350,0.3724
3898,0.300,0.300,0.0443,0.0289,-88.9,0.000,0.000,-0.350,0.3727
3917,0.300,0.300,-0.0945,0.3867,-0.0,0.000,0.000,-0.350,0.4039
